{"stats":{"minecraft:used":{"ad_astra:tier_1_rocket":1,"alexsmobs:animal_dictionary":2,"ad_astra:launch_pad":1},"minecraft:mined":{"minecraft:dead_bush":1},"minecraft:picked_up":{"minecraft:stick":3},"minecraft:custom":{"minecraft:jump":66,"minecraft:open_chest":1,"minecraft:time_since_rest":6310,"minecraft:crouch_one_cm":149,"minecraft:leave_game":2,"minecraft:play_time":8223,"minecraft:sprint_one_cm":5161,"minecraft:time_since_death":6631,"minecraft:walk_one_cm":4840,"minecraft:deaths":1,"minecraft:sneak_time":102,"minecraft:total_world_time":8223,"minecraft:fall_one_cm":685,"minecraft:fly_one_cm":92118}},"DataVersion":3465}