{"stats":{"minecraft:used":{"alexsmobs:animal_dictionary":2},"minecraft:mined":{"minecraft:dead_bush":1},"minecraft:picked_up":{"minecraft:stick":2},"minecraft:custom":{"minecraft:jump":34,"minecraft:time_since_rest":738,"minecraft:crouch_one_cm":7,"minecraft:leave_game":2,"minecraft:play_time":2651,"minecraft:sprint_one_cm":2282,"minecraft:deaths":1,"minecraft:time_since_death":1059,"minecraft:walk_one_cm":1243,"minecraft:sneak_time":14,"minecraft:total_world_time":2651,"minecraft:fall_one_cm":685,"minecraft:fly_one_cm":27256}},"DataVersion":3465}